{"stats":{"minecraft:killed_by":{"minecraft:piglin_brute":13,"minecraft:creeper":4,"minecraft:piglin":5,"minecraft:zombie":1,"minecraft:player":4,"minecraft:enderman":2,"minecraft:iron_golem":5},"minecraft:mined":{"minecraft:dark_oak_planks":5,"minecraft:spruce_planks":16,"minecraft:white_bed":17,"minecraft:cherry_log":6,"minecraft:cobblestone_stairs":4,"minecraft:warped_stairs":2,"minecraft:obsidian":97,"minecraft:spruce_trapdoor":1,"minecraft:granite":3,"minecraft:acacia_log":19,"minecraft:grass_block":755,"minecraft:cracked_polished_blackstone_bricks":60,"minecraft:soul_soil":2,"minecraft:composter":2,"minecraft:hopper":9,"minecraft:nether_wart":9,"minecraft:spawner":1,"minecraft:polished_blackstone_bricks":95,"minecraft:tall_seagrass":1,"minecraft:barrel":2,"minecraft:iron_ore":70,"minecraft:cobbled_deepslate":8,"minecraft:fire":62,"minecraft:pumpkin":6,"minecraft:deepslate_lapis_ore":7,"minecraft:nether_brick_stairs":1,"minecraft:pointed_dripstone":9,"minecraft:dirt_path":57,"minecraft:oak_stairs":159,"minecraft:spruce_slab":2,"minecraft:deepslate_redstone_ore":7,"minecraft:blackstone":24,"minecraft:clay":4,"minecraft:torch":14,"minecraft:poppy":1,"minecraft:chest":8,"minecraft:nether_quartz_ore":21,"minecraft:glass":8,"minecraft:cobblestone":115,"minecraft:sugar_cane":81,"minecraft:oak_planks":87,"minecraft:wall_torch":11,"minecraft:cauldron":2,"minecraft:seagrass":1,"minecraft:white_terracotta":42,"minecraft:warped_nylium":51,"minecraft:powered_rail":4,"minecraft:warped_planks":26,"minecraft:mud":8,"minecraft:wheat":17,"minecraft:stone_brick_stairs":9,"minecraft:oak_log":28,"minecraft:beetroots":2,"minecraft:sand":123,"minecraft:dirt":1049,"minecraft:ancient_debris":1,"minecraft:raw_copper_block":2,"minecraft:stonecutter":2,"minecraft:dispenser":2,"minecraft:netherrack":498,"minecraft:oak_leaves":240,"minecraft:deepslate":19,"minecraft:tuff":34,"minecraft:mossy_cobblestone":12,"minecraft:dark_oak_leaves":10,"minecraft:deepslate_diamond_ore":12,"minecraft:dark_oak_log":9,"minecraft:redstone_wire":1,"minecraft:spruce_leaves":19,"minecraft:large_fern":2,"minecraft:hay_block":41,"minecraft:oak_trapdoor":2,"minecraft:spruce_sapling":1,"minecraft:furnace":12,"minecraft:carrots":8,"minecraft:nether_sprouts":1,"minecraft:andesite":24,"minecraft:gold_block":18,"minecraft:nether_brick_fence":1,"minecraft:bookshelf":6,"minecraft:potatoes":3,"minecraft:deepslate_iron_ore":2,"minecraft:rail":117,"minecraft:warped_stem":3,"minecraft:stone":562,"minecraft:bone_block":54,"minecraft:white_wool":4,"minecraft:podzol":58,"minecraft:oak_slab":2,"minecraft:glass_pane":9,"minecraft:cherry_planks":17,"minecraft:soul_sand":10,"minecraft:basalt":9,"minecraft:stone_brick_slab":5,"minecraft:dandelion":1,"minecraft:oak_fence":5,"minecraft:crafting_table":7,"minecraft:cornflower":3,"minecraft:short_grass":559,"minecraft:warped_roots":6,"minecraft:lectern":85,"minecraft:tall_grass":65,"minecraft:copper_ore":9,"minecraft:deepslate_gold_ore":13,"minecraft:lapis_ore":3,"minecraft:diorite":10,"minecraft:warped_wart_block":8,"minecraft:spruce_stairs":1,"minecraft:redstone_torch":2,"minecraft:sweet_berry_bush":11,"minecraft:spruce_log":6,"minecraft:birch_leaves":7,"minecraft:yellow_bed":6,"minecraft:coal_ore":78,"minecraft:cherry_leaves":10,"minecraft:gravel":120,"minecraft:terracotta":3,"minecraft:acacia_planks":12,"minecraft:stone_bricks":4,"minecraft:fern":5},"minecraft:killed":{"minecraft:zombified_piglin":1,"minecraft:witch":5,"minecraft:spider":9,"minecraft:skeleton":25,"minecraft:piglin_brute":8,"minecraft:cat":1,"minecraft:magma_cube":12,"minecraft:piglin":11,"minecraft:pig":38,"minecraft:zombie_villager":2,"minecraft:iron_golem":30,"minecraft:creeper":1,"minecraft:sheep":34,"minecraft:trader_llama":1,"minecraft:pillager":24,"minecraft:zombie":50,"minecraft:blaze":19,"minecraft:cow":56,"minecraft:evoker":1,"minecraft:vex":2,"minecraft:vindicator":9,"minecraft:drowned":1,"minecraft:frog":2,"minecraft:ravager":2,"minecraft:villager":9,"minecraft:enderman":23},"minecraft:custom":{"minecraft:interact_with_crafting_table":113,"minecraft:bell_ring":68,"minecraft:leave_game":21,"minecraft:time_since_death":58154,"minecraft:sprint_one_cm":1679041,"minecraft:damage_blocked_by_shield":831,"minecraft:drop":141,"minecraft:talked_to_villager":530,"minecraft:play_time":1209417,"minecraft:deaths":36,"minecraft:jump":16071,"minecraft:walk_on_water_one_cm":211146,"minecraft:interact_with_furnace":144,"minecraft:traded_with_villager":747,"minecraft:sleep_in_bed":64,"minecraft:damage_dealt":86780,"minecraft:player_kills":5,"minecraft:crouch_one_cm":535280,"minecraft:use_cauldron":17,"minecraft:inspect_dispenser":16,"minecraft:interact_with_smithing_table":1,"minecraft:mob_kills":398,"minecraft:interact_with_anvil":20,"minecraft:inspect_hopper":9,"minecraft:climb_one_cm":1666,"minecraft:walk_one_cm":2683040,"minecraft:raid_win":1,"minecraft:sneak_time":148763,"minecraft:walk_under_water_one_cm":157352,"minecraft:boat_one_cm":256615,"minecraft:interact_with_blast_furnace":1,"minecraft:total_world_time":1209417,"minecraft:raid_trigger":1,"minecraft:interact_with_grindstone":2,"minecraft:interact_with_stonecutter":8,"minecraft:time_since_rest":42343,"minecraft:damage_taken":19932,"minecraft:damage_absorbed":80,"minecraft:swim_one_cm":36253,"minecraft:fly_one_cm":3770388,"minecraft:open_chest":584,"minecraft:fall_one_cm":456662},"minecraft:dropped":{"minecraft:iron_sword":1,"minecraft:lapis_lazuli":3,"minecraft:cooked_beef":39,"minecraft:dark_oak_sapling":1,"minecraft:leather":2,"minecraft:dark_oak_button":154,"minecraft:cod":9,"minecraft:flint":4,"minecraft:cracked_polished_blackstone_bricks":1,"minecraft:dirt":30,"minecraft:dark_oak_log":320,"minecraft:iron_pickaxe":1,"minecraft:dark_oak_planks":62,"minecraft:fishing_rod":1,"minecraft:bone":6,"minecraft:oak_door":1,"minecraft:gravel":31,"minecraft:sugar_cane":1,"minecraft:iron_nugget":8,"minecraft:cobbled_deepslate":63,"minecraft:wheat":4,"minecraft:netherite_sword":1,"minecraft:rotten_flesh":9,"minecraft:oak_planks":3,"minecraft:salmon":9,"minecraft:poppy":1,"minecraft:acacia_sapling":1,"minecraft:basalt":1,"minecraft:arrow":44,"minecraft:iron_ingot":8,"minecraft:bread":8,"minecraft:wheat_seeds":36,"minecraft:netherite_axe":1,"minecraft:iron_helmet":1,"minecraft:cobblestone":4,"minecraft:spruce_stairs":1,"minecraft:pufferfish":9,"minecraft:stick":133,"minecraft:torch":1,"minecraft:potion":2,"minecraft:iron_axe":2,"minecraft:paper":64,"minecraft:iron_shovel":1,"minecraft:string":7,"minecraft:spruce_sapling":2,"minecraft:redstone":40,"minecraft:raw_copper":35,"minecraft:diamond_sword":1,"minecraft:diamond_chestplate":1,"minecraft:spruce_planks":385,"minecraft:golden_leggings":1,"minecraft:oak_sapling":7,"minecraft:spider_eye":2,"minecraft:spruce_log":1,"minecraft:bow":3,"minecraft:stone_pickaxe":11,"minecraft:wooden_pickaxe":1,"minecraft:nautilus_shell":2},"minecraft:crafted":{"minecraft:grindstone":1,"minecraft:oak_planks":360,"minecraft:smooth_stone":6,"minecraft:chainmail_helmet":10,"minecraft:blaze_powder":46,"minecraft:stone":432,"minecraft:diamond_shovel":1,"minecraft:bookshelf":10,"minecraft:warped_planks":444,"minecraft:glass":32,"minecraft:hopper":9,"minecraft:diamond_helmet":2,"minecraft:bow":1,"minecraft:diamond_leggings":3,"minecraft:iron_boots":5,"minecraft:chest":20,"minecraft:rail":224,"minecraft:stone_hoe":1,"minecraft:ender_eye":25,"minecraft:warped_stairs":36,"minecraft:furnace_minecart":1,"minecraft:oak_slab":60,"minecraft:arrow":224,"minecraft:emerald":640,"minecraft:cauldron":6,"minecraft:cooked_porkchop":58,"minecraft:diamond_axe":1,"minecraft:crafting_table":10,"minecraft:spruce_planks":3660,"minecraft:acacia_slab":12,"minecraft:wooden_pickaxe":1,"minecraft:iron_helmet":7,"minecraft:smithing_table":1,"minecraft:fletching_table":3,"minecraft:dispenser":1,"minecraft:lectern":4,"minecraft:book":3,"minecraft:iron_chestplate":1,"minecraft:charcoal":51,"minecraft:paper":81,"minecraft:diamond_pickaxe":4,"minecraft:shield":1,"minecraft:stick":21518,"minecraft:stone_slab":6,"minecraft:iron_ingot":62,"minecraft:iron_pickaxe":4,"minecraft:gold_ingot":26,"minecraft:redstone_torch":1,"minecraft:composter":1,"minecraft:shears":2,"minecraft:cherry_planks":92,"minecraft:iron_nugget":468,"minecraft:diamond_hoe":2,"minecraft:spruce_button":1,"minecraft:furnace":7,"minecraft:blast_furnace":1,"minecraft:bone_meal":87,"minecraft:spruce_fence":36,"minecraft:oak_trapdoor":4,"minecraft:flint_and_steel":2,"minecraft:lantern":50,"minecraft:spruce_stairs":44,"minecraft:iron_axe":26,"minecraft:spruce_slab":138,"minecraft:iron_hoe":1,"minecraft:stone_pickaxe":12,"minecraft:diamond_boots":5,"minecraft:spruce_boat":1,"minecraft:dark_oak_planks":7760,"minecraft:chainmail_leggings":12,"minecraft:minecart":3,"minecraft:wheat":369,"minecraft:cooked_beef":65,"minecraft:crossbow":3,"minecraft:diamond_sword":5,"minecraft:powered_rail":6,"minecraft:dark_oak_button":90,"minecraft:bucket":3,"minecraft:stone_axe":1,"minecraft:enchanted_book":9,"minecraft:bread":123,"minecraft:air":0,"minecraft:oak_boat":2,"minecraft:acacia_sign":9,"minecraft:wooden_axe":8,"minecraft:iron_shovel":6,"minecraft:iron_leggings":1,"minecraft:white_bed":6,"minecraft:acacia_planks":116,"minecraft:torch":208,"minecraft:diamond_chestplate":2},"minecraft:picked_up":{"minecraft:wooden_axe":3,"minecraft:iron_chestplate":9,"minecraft:wheat":88,"minecraft:nether_brick_fence":1,"minecraft:lead":2,"minecraft:diamond_sword":10,"minecraft:oak_stairs":230,"minecraft:potion":2,"minecraft:enchanted_book":3,"minecraft:gilded_blackstone":83,"minecraft:stone_brick_stairs":9,"minecraft:warped_stairs":2,"minecraft:string":15,"minecraft:raw_copper":45,"minecraft:soul_soil":2,"minecraft:iron_leggings":9,"minecraft:pufferfish":9,"minecraft:beetroot":1,"minecraft:diamond_leggings":13,"minecraft:smooth_stone":1,"minecraft:gold_nugget":45,"minecraft:cobbled_deepslate":95,"minecraft:bucket":14,"minecraft:spruce_planks":477,"minecraft:redstone_torch":2,"minecraft:ender_eye":3,"minecraft:iron_pickaxe":9,"minecraft:furnace":19,"minecraft:iron_boots":9,"minecraft:stick":601,"minecraft:composter":2,"minecraft:oak_fence":5,"minecraft:torch":286,"minecraft:acacia_log":29,"minecraft:spruce_stairs":2,"minecraft:porkchop":59,"minecraft:cherry_log":46,"minecraft:pointed_dripstone":95,"minecraft:diorite":15,"minecraft:warped_planks":26,"minecraft:cauldron":2,"minecraft:rotten_flesh":70,"minecraft:bookshelf":6,"minecraft:white_terracotta":43,"minecraft:blaze_rod":23,"minecraft:obsidian":97,"minecraft:cod":15,"minecraft:cobblestone":948,"minecraft:nautilus_shell":2,"minecraft:furnace_minecart":6,"minecraft:cooked_beef":227,"minecraft:magma_cream":27,"minecraft:cherry_planks":18,"minecraft:water_bucket":5,"minecraft:andesite":48,"minecraft:brown_wool":3,"minecraft:potato":16,"minecraft:flint":15,"minecraft:tuff":35,"minecraft:lapis_lazuli":131,"minecraft:dirt":2543,"minecraft:glass":18,"minecraft:bone":81,"minecraft:acacia_planks":98,"minecraft:bow":11,"minecraft:stonecutter":3,"minecraft:wheat_seeds":182,"minecraft:raw_gold":13,"minecraft:bell":3,"minecraft:netherite_axe":1,"minecraft:diamond_helmet":8,"minecraft:powered_rail":8,"minecraft:oak_planks":274,"minecraft:cooked_porkchop":70,"minecraft:warped_wart_block":11,"minecraft:sand":124,"minecraft:nether_brick_stairs":1,"minecraft:ink_sac":4,"minecraft:grass_block":1,"minecraft:dark_oak_log":3766,"minecraft:barrel":4,"minecraft:mossy_cobblestone":23,"minecraft:iron_hoe":5,"minecraft:dispenser":3,"minecraft:snout_armor_trim_smithing_template":2,"minecraft:sugar":9,"minecraft:spruce_boat":1,"minecraft:diamond":18,"minecraft:cracked_polished_blackstone_bricks":53,"minecraft:crossbow":13,"minecraft:granite":3,"minecraft:bone_meal":1,"minecraft:emerald":106,"minecraft:chainmail_helmet":1,"minecraft:bread":261,"minecraft:oak_sapling":15,"minecraft:netherrack":442,"minecraft:oak_leaves":429,"minecraft:diamond_pickaxe":4,"minecraft:fishing_rod":1,"minecraft:mud":27,"minecraft:crafting_table":9,"minecraft:nether_wart":10,"minecraft:ladder":7,"minecraft:clay_ball":72,"minecraft:gold_block":11,"minecraft:shield":9,"minecraft:cornflower":6,"minecraft:oak_trapdoor":2,"minecraft:iron_axe":13,"minecraft:flint_and_steel":1,"minecraft:iron_shovel":8,"minecraft:blackstone":33,"minecraft:netherite_sword":1,"minecraft:beef":170,"minecraft:oak_boat":20,"minecraft:poppy":302,"minecraft:minecart":13,"minecraft:spruce_slab":38,"minecraft:lectern":86,"minecraft:sugar_cane":148,"minecraft:chest":48,"minecraft:spruce_trapdoor":2,"minecraft:raw_copper_block":10,"minecraft:dark_oak_sapling":37,"minecraft:raw_iron":118,"minecraft:stone":27,"minecraft:oak_door":2,"minecraft:spruce_fence":38,"minecraft:polished_blackstone_bricks":108,"minecraft:carrot":33,"minecraft:redstone":80,"minecraft:dark_oak_planks":297,"minecraft:arrow":592,"minecraft:diamond_chestplate":6,"minecraft:beetroot_seeds":4,"minecraft:shears":4,"minecraft:diamond_boots":11,"minecraft:hay_block":41,"minecraft:totem_of_undying":2,"minecraft:saddle":3,"minecraft:gold_ingot":2,"minecraft:mutton":65,"minecraft:bone_block":111,"minecraft:rail":121,"minecraft:white_wool":107,"minecraft:dark_oak_button":64,"minecraft:basalt":21,"minecraft:salmon":9,"minecraft:leather":183,"minecraft:crimson_fungus":1,"minecraft:oak_log":121,"minecraft:ancient_debris":1,"minecraft:yellow_bed":6,"minecraft:gunpowder":7,"minecraft:cobblestone_stairs":4,"minecraft:paper":64,"minecraft:white_banner":13,"minecraft:cooked_mutton":75,"minecraft:apple":6,"minecraft:stone_bricks":11,"minecraft:warped_stem":148,"minecraft:stone_pickaxe":1,"minecraft:iron_ingot":1655,"minecraft:iron_sword":1,"minecraft:acacia_sapling":1,"minecraft:soul_sand":10,"minecraft:book":27,"minecraft:oak_slab":2,"minecraft:warped_fungus":1,"minecraft:pumpkin":12,"minecraft:sweet_berries":27,"minecraft:stone_brick_slab":8,"minecraft:quartz":21,"minecraft:dandelion":2,"minecraft:dripstone_block":19,"minecraft:gravel":127,"minecraft:lava_bucket":8,"minecraft:spruce_sapling":77,"minecraft:white_bed":19,"minecraft:spruce_log":1905,"minecraft:spider_eye":12,"minecraft:diamond_shovel":3,"minecraft:stone_axe":3,"minecraft:short_grass":3,"minecraft:chainmail_leggings":1,"minecraft:iron_helmet":7,"minecraft:diamond_axe":10,"minecraft:warped_roots":20,"minecraft:terracotta":6,"minecraft:acacia_slab":4,"minecraft:warped_nylium":9,"minecraft:coal":165,"minecraft:hopper":9,"minecraft:ender_pearl":30},"minecraft:broken":{"minecraft:iron_shovel":5,"minecraft:stone_pickaxe":1,"minecraft:stone_axe":1,"minecraft:flint_and_steel":1,"minecraft:iron_axe":3,"minecraft:iron_pickaxe":2},"minecraft:used":{"minecraft:iron_shovel":1657,"minecraft:poppy":2,"minecraft:dispenser":3,"minecraft:ladder":4,"minecraft:spruce_slab":95,"minecraft:oak_sign":9,"minecraft:chest":43,"minecraft:shield":14,"minecraft:white_terracotta":25,"minecraft:stone":5,"minecraft:iron_sword":19,"minecraft:zombie_spawn_egg":21,"minecraft:rotten_flesh":22,"minecraft:iron_chestplate":2,"minecraft:mutton":1,"minecraft:furnace_minecart":10,"minecraft:tuff":9,"minecraft:obsidian":10,"minecraft:spruce_boat":1,"minecraft:glass":412,"minecraft:lava_bucket":19,"minecraft:grass_block":3,"minecraft:lantern":70,"minecraft:villager_spawn_egg":35,"minecraft:iron_helmet":1,"minecraft:stone_brick_stairs":137,"minecraft:stone_bricks":648,"minecraft:bow":29,"minecraft:furnace":17,"minecraft:diorite":10,"minecraft:diamond_boots":4,"minecraft:stone_pickaxe":137,"minecraft:powered_rail":10,"minecraft:oak_planks":155,"minecraft:blackstone":7,"minecraft:wooden_pickaxe":25,"minecraft:composter":3,"minecraft:diamond_axe":174,"minecraft:sugar_cane":85,"minecraft:oak_leaves":93,"minecraft:white_wool":4,"minecraft:sand":34,"minecraft:blast_furnace":1,"minecraft:crossbow":21,"minecraft:sponge":41,"minecraft:dripstone_block":7,"minecraft:shears":218,"minecraft:redstone_torch":3,"minecraft:bread":112,"minecraft:lectern":179,"minecraft:oak_pressure_plate":9,"minecraft:gravel":54,"minecraft:diamond_sword":598,"minecraft:grindstone":1,"minecraft:smithing_table":1,"minecraft:oak_boat":16,"minecraft:smooth_stone_slab":542,"minecraft:bone_meal":1,"minecraft:oak_trapdoor":4,"minecraft:netherite_sword":54,"minecraft:flint_and_steel":65,"minecraft:redstone":3,"minecraft:spruce_planks":220,"minecraft:stone_hoe":5,"minecraft:netherrack":314,"minecraft:torch":107,"minecraft:dirt":1782,"minecraft:anvil":1,"minecraft:white_carpet":12,"minecraft:hopper":35,"minecraft:spruce_stairs":69,"minecraft:diamond_helmet":1,"minecraft:granite":3,"minecraft:spruce_fence":41,"minecraft:shroomlight":26,"minecraft:iron_hoe":165,"minecraft:stone_brick_slab":210,"minecraft:wooden_axe":29,"minecraft:dark_oak_planks":137,"minecraft:bookshelf":4,"minecraft:oak_stairs":41,"minecraft:iron_axe":887,"minecraft:spruce_button":1,"minecraft:acacia_slab":1,"minecraft:iron_boots":2,"minecraft:totem_of_undying":1,"minecraft:diamond_chestplate":1,"minecraft:basalt":8,"minecraft:beef":35,"minecraft:warped_stairs":24,"minecraft:minecart":13,"minecraft:cooked_beef":29,"minecraft:acacia_planks":33,"minecraft:cobbled_deepslate":5,"minecraft:iron_leggings":1,"minecraft:pointed_dripstone":6,"minecraft:wheat_seeds":63,"minecraft:cooked_mutton":3,"minecraft:water_bucket":384,"minecraft:cherry_planks":106,"minecraft:cauldron":8,"minecraft:stonecutter":2,"minecraft:fletching_table":10,"minecraft:polished_blackstone_bricks":28,"minecraft:rail":413,"minecraft:terracotta":3,"minecraft:crafting_table":17,"minecraft:oak_slab":62,"minecraft:white_bed":38,"minecraft:spruce_log":831,"minecraft:warped_planks":311,"minecraft:mud":1,"minecraft:ender_eye":6,"minecraft:diamond_pickaxe":1755,"minecraft:diamond_shovel":490,"minecraft:acacia_sign":9,"minecraft:cracked_polished_blackstone_bricks":43,"minecraft:iron_pickaxe":544,"minecraft:netherite_axe":213,"minecraft:stone_slab":27,"minecraft:spruce_trapdoor":11,"minecraft:spruce_sapling":57,"minecraft:stone_axe":75,"minecraft:fishing_rod":3,"minecraft:cobblestone":148,"minecraft:porkchop":1,"minecraft:cooked_porkchop":16,"minecraft:bucket":250,"minecraft:yellow_bed":6,"minecraft:splash_potion":12,"minecraft:diamond_leggings":5}},"DataVersion":3700}