{"stats":{"minecraft:custom":{"minecraft:interact_with_crafting_table":146,"minecraft:open_shulker_box":68,"minecraft:bell_ring":68,"minecraft:leave_game":26,"minecraft:time_since_death":280,"minecraft:sprint_one_cm":2136691,"minecraft:damage_blocked_by_shield":1073,"minecraft:drop":205,"minecraft:talked_to_villager":553,"minecraft:play_time":1529263,"minecraft:deaths":38,"minecraft:jump":20242,"minecraft:interact_with_brewingstand":1,"minecraft:walk_on_water_one_cm":253295,"minecraft:interact_with_furnace":205,"minecraft:traded_with_villager":773,"minecraft:sleep_in_bed":75,"minecraft:open_enderchest":12,"minecraft:damage_dealt":112991,"minecraft:player_kills":5,"minecraft:crouch_one_cm":771157,"minecraft:interact_with_smoker":26,"minecraft:use_cauldron":26,"minecraft:inspect_dispenser":16,"minecraft:interact_with_smithing_table":1,"minecraft:mob_kills":1467,"minecraft:interact_with_anvil":28,"minecraft:inspect_hopper":11,"minecraft:climb_one_cm":10631,"minecraft:walk_one_cm":3485469,"minecraft:raid_win":1,"minecraft:sneak_time":202748,"minecraft:walk_under_water_one_cm":244982,"minecraft:boat_one_cm":262888,"minecraft:interact_with_blast_furnace":1,"minecraft:total_world_time":1529263,"minecraft:raid_trigger":1,"minecraft:interact_with_grindstone":2,"minecraft:interact_with_stonecutter":10,"minecraft:time_since_rest":300,"minecraft:damage_taken":26301,"minecraft:damage_absorbed":80,"minecraft:swim_one_cm":134907,"minecraft:fly_one_cm":4874081,"minecraft:open_chest":769,"minecraft:fall_one_cm":569682},"minecraft:broken":{"minecraft:iron_shovel":5,"minecraft:stone_pickaxe":1,"minecraft:stone_axe":1,"minecraft:flint_and_steel":1,"minecraft:iron_axe":3,"minecraft:iron_pickaxe":2},"minecraft:dropped":{"minecraft:iron_sword":1,"minecraft:short_grass":1,"minecraft:lapis_lazuli":3,"minecraft:cooked_beef":39,"minecraft:dark_oak_sapling":1,"minecraft:ender_pearl":520,"minecraft:leather":2,"minecraft:dark_oak_button":154,"minecraft:saddle":1,"minecraft:cod":9,"minecraft:flint":4,"minecraft:cracked_polished_blackstone_bricks":1,"minecraft:dirt":734,"minecraft:dark_oak_log":320,"minecraft:cornflower":1,"minecraft:seagrass":2,"minecraft:iron_pickaxe":1,"minecraft:dark_oak_planks":62,"minecraft:fishing_rod":1,"minecraft:bone":6,"minecraft:oak_door":1,"minecraft:gravel":31,"minecraft:sugar_cane":1,"minecraft:iron_nugget":8,"minecraft:cobbled_deepslate":64,"minecraft:wheat":4,"minecraft:netherite_sword":1,"minecraft:rotten_flesh":9,"minecraft:oak_planks":3,"minecraft:azure_bluet":2,"minecraft:salmon":9,"minecraft:poppy":1,"minecraft:acacia_sapling":1,"minecraft:basalt":1,"minecraft:arrow":44,"minecraft:iron_ingot":8,"minecraft:bread":8,"minecraft:wheat_seeds":52,"minecraft:netherite_axe":1,"minecraft:feather":4,"minecraft:iron_helmet":1,"minecraft:cobblestone":4,"minecraft:spruce_stairs":1,"minecraft:pufferfish":9,"minecraft:stick":133,"minecraft:torch":1,"minecraft:potion":3,"minecraft:iron_axe":2,"minecraft:paper":64,"minecraft:iron_shovel":1,"minecraft:string":7,"minecraft:spruce_sapling":2,"minecraft:dandelion":4,"minecraft:redstone":40,"minecraft:raw_copper":35,"minecraft:diamond_sword":2,"minecraft:diamond_chestplate":1,"minecraft:spruce_planks":385,"minecraft:golden_leggings":1,"minecraft:oak_sapling":7,"minecraft:spider_eye":2,"minecraft:spruce_log":1,"minecraft:bow":3,"minecraft:stone_pickaxe":11,"minecraft:wooden_pickaxe":1,"minecraft:nautilus_shell":2},"minecraft:picked_up":{"minecraft:shulker_shell":12,"minecraft:seagrass":2,"minecraft:iron_chestplate":9,"minecraft:wheat":88,"minecraft:nether_brick_fence":1,"minecraft:lead":2,"minecraft:diamond_sword":11,"minecraft:oak_stairs":230,"minecraft:potion":3,"minecraft:enchanted_book":3,"minecraft:gilded_blackstone":83,"minecraft:stone_brick_stairs":10,"minecraft:brewing_stand":1,"minecraft:warped_stairs":2,"minecraft:golden_sword":1,"minecraft:string":15,"minecraft:soul_soil":2,"minecraft:raw_copper":57,"minecraft:iron_leggings":9,"minecraft:pufferfish":9,"minecraft:beetroot":1,"minecraft:diamond_leggings":14,"minecraft:cobbled_deepslate":105,"minecraft:gold_nugget":46,"minecraft:smooth_stone":1,"minecraft:bucket":15,"minecraft:spruce_planks":482,"minecraft:redstone_torch":2,"minecraft:ender_eye":9,"minecraft:iron_pickaxe":9,"minecraft:furnace":24,"minecraft:iron_boots":9,"minecraft:stick":602,"minecraft:composter":2,"minecraft:oak_fence":5,"minecraft:torch":289,"minecraft:acacia_log":29,"minecraft:purpur_pillar":1,"minecraft:spruce_stairs":2,"minecraft:porkchop":90,"minecraft:cherry_log":46,"minecraft:pointed_dripstone":95,"minecraft:diorite":28,"minecraft:warped_planks":26,"minecraft:cauldron":2,"minecraft:rotten_flesh":84,"minecraft:bookshelf":6,"minecraft:end_rod":2,"minecraft:white_terracotta":43,"minecraft:blaze_rod":23,"minecraft:obsidian":99,"minecraft:cod":15,"minecraft:cobblestone":1993,"minecraft:nautilus_shell":2,"minecraft:furnace_minecart":6,"minecraft:feather":4,"minecraft:cooked_beef":239,"minecraft:magma_cream":27,"minecraft:cherry_planks":18,"minecraft:water_bucket":6,"minecraft:andesite":52,"minecraft:brown_wool":3,"minecraft:potato":16,"minecraft:flint":17,"minecraft:tuff":35,"minecraft:lapis_lazuli":167,"minecraft:dirt":6523,"minecraft:glass":18,"minecraft:bone":85,"minecraft:acacia_planks":98,"minecraft:stonecutter":3,"minecraft:bow":11,"minecraft:wheat_seeds":238,"minecraft:raw_gold":13,"minecraft:bell":3,"minecraft:netherite_axe":1,"minecraft:mossy_stone_bricks":2,"minecraft:diamond_helmet":8,"minecraft:powered_rail":8,"minecraft:moss_block":2,"minecraft:oak_planks":274,"minecraft:cooked_porkchop":97,"minecraft:warped_wart_block":11,"minecraft:dropper":1,"minecraft:sand":138,"minecraft:nether_brick_stairs":1,"minecraft:ink_sac":4,"minecraft:grass_block":1,"minecraft:dark_oak_log":3766,"minecraft:shulker_box":33,"minecraft:barrel":4,"minecraft:mossy_cobblestone":23,"minecraft:iron_hoe":5,"minecraft:dispenser":3,"minecraft:snout_armor_trim_smithing_template":2,"minecraft:sugar":9,"minecraft:clay":1,"minecraft:diamond":20,"minecraft:spruce_boat":1,"minecraft:cracked_polished_blackstone_bricks":53,"minecraft:crossbow":13,"minecraft:granite":11,"minecraft:bone_meal":1,"minecraft:emerald":106,"minecraft:chainmail_helmet":1,"minecraft:bread":261,"minecraft:oak_sapling":16,"minecraft:netherrack":442,"minecraft:chorus_fruit":30,"minecraft:oak_leaves":557,"minecraft:diamond_pickaxe":4,"minecraft:fishing_rod":1,"minecraft:mud":27,"minecraft:crafting_table":10,"minecraft:azure_bluet":2,"minecraft:nether_wart":10,"minecraft:chicken":7,"minecraft:ladder":7,"minecraft:clay_ball":84,"minecraft:gold_block":11,"minecraft:dragon_head":1,"minecraft:shield":9,"minecraft:cornflower":7,"minecraft:oak_trapdoor":2,"minecraft:elytra":1,"minecraft:iron_axe":13,"minecraft:flint_and_steel":1,"minecraft:item_frame":3,"minecraft:iron_shovel":8,"minecraft:blackstone":33,"minecraft:cracked_stone_bricks":1,"minecraft:netherite_sword":1,"minecraft:beef":232,"minecraft:oak_boat":20,"minecraft:observer":2,"minecraft:poppy":307,"minecraft:lectern":86,"minecraft:spruce_slab":38,"minecraft:minecart":13,"minecraft:sugar_cane":154,"minecraft:chest":48,"minecraft:spruce_trapdoor":2,"minecraft:raw_copper_block":10,"minecraft:egg":2,"minecraft:dark_oak_sapling":37,"minecraft:raw_iron":128,"minecraft:end_stone":51,"minecraft:stone":27,"minecraft:oak_door":2,"minecraft:spruce_fence":38,"minecraft:polished_blackstone_bricks":108,"minecraft:carrot":33,"minecraft:redstone":80,"minecraft:dark_oak_planks":300,"minecraft:arrow":597,"minecraft:diamond_chestplate":7,"minecraft:beetroot_seeds":4,"minecraft:shears":4,"minecraft:diamond_boots":11,"minecraft:hay_block":41,"minecraft:saddle":4,"minecraft:gold_ingot":2,"minecraft:totem_of_undying":2,"minecraft:mutton":125,"minecraft:rail":123,"minecraft:white_wool":138,"minecraft:bone_block":111,"minecraft:basalt":21,"minecraft:dark_oak_button":64,"minecraft:salmon":9,"minecraft:leather":238,"minecraft:crimson_fungus":1,"minecraft:oak_log":126,"minecraft:ancient_debris":1,"minecraft:yellow_bed":6,"minecraft:gunpowder":8,"minecraft:cobblestone_stairs":4,"minecraft:paper":64,"minecraft:white_banner":13,"minecraft:cooked_mutton":108,"minecraft:apple":6,"minecraft:stone_bricks":61,"minecraft:warped_stem":148,"minecraft:iron_ingot":1668,"minecraft:stone_pickaxe":1,"minecraft:iron_sword":1,"minecraft:acacia_sapling":1,"minecraft:soul_sand":10,"minecraft:book":30,"minecraft:oak_slab":2,"minecraft:warped_fungus":1,"minecraft:pumpkin":12,"minecraft:sweet_berries":27,"minecraft:stone_brick_slab":8,"minecraft:quartz":21,"minecraft:dandelion":20,"minecraft:dripstone_block":19,"minecraft:gravel":143,"minecraft:lava_bucket":8,"minecraft:spruce_sapling":77,"minecraft:white_bed":19,"minecraft:spruce_log":1905,"minecraft:spider_eye":12,"minecraft:dragon_egg":1,"minecraft:diamond_shovel":4,"minecraft:stone_axe":3,"minecraft:short_grass":4,"minecraft:chainmail_leggings":1,"minecraft:iron_helmet":7,"minecraft:diamond_axe":10,"minecraft:warped_roots":20,"minecraft:terracotta":6,"minecraft:acacia_slab":4,"minecraft:black_wool":2,"minecraft:warped_nylium":9,"minecraft:coal":175,"minecraft:hopper":9,"minecraft:ender_pearl":273,"minecraft:wooden_axe":3},"minecraft:killed":{"minecraft:zombified_piglin":2,"minecraft:witch":5,"minecraft:spider":9,"minecraft:shulker":23,"minecraft:skeleton":27,"minecraft:chicken":3,"minecraft:silverfish":3,"minecraft:piglin_brute":8,"minecraft:cat":1,"minecraft:magma_cube":12,"minecraft:piglin":11,"minecraft:pig":48,"minecraft:zombie_villager":2,"minecraft:iron_golem":33,"minecraft:ender_dragon":1,"minecraft:creeper":2,"minecraft:sheep":62,"minecraft:trader_llama":1,"minecraft:pillager":24,"minecraft:zombie":56,"minecraft:blaze":19,"minecraft:cow":75,"minecraft:evoker":1,"minecraft:vex":2,"minecraft:vindicator":9,"minecraft:horse":3,"minecraft:drowned":1,"minecraft:frog":2,"minecraft:ravager":2,"minecraft:villager":9,"minecraft:enderman":986},"minecraft:mined":{"minecraft:dark_oak_planks":8,"minecraft:dragon_wall_head":1,"minecraft:spruce_planks":21,"minecraft:white_bed":17,"minecraft:cherry_log":6,"minecraft:cobblestone_stairs":4,"minecraft:brewing_stand":1,"minecraft:warped_stairs":2,"minecraft:obsidian":100,"minecraft:spruce_trapdoor":1,"minecraft:granite":11,"minecraft:acacia_log":19,"minecraft:grass_block":3515,"minecraft:cracked_polished_blackstone_bricks":60,"minecraft:soul_soil":2,"minecraft:composter":2,"minecraft:hopper":9,"minecraft:nether_wart":9,"minecraft:spawner":2,"minecraft:polished_blackstone_bricks":95,"minecraft:tall_seagrass":2,"minecraft:cobbled_deepslate":8,"minecraft:barrel":2,"minecraft:iron_ore":80,"minecraft:fire":62,"minecraft:pumpkin":6,"minecraft:deepslate_lapis_ore":7,"minecraft:nether_brick_stairs":1,"minecraft:pointed_dripstone":9,"minecraft:dirt_path":57,"minecraft:oak_stairs":159,"minecraft:spruce_slab":2,"minecraft:deepslate_redstone_ore":7,"minecraft:blackstone":24,"minecraft:clay":7,"minecraft:torch":15,"minecraft:poppy":2,"minecraft:chest":8,"minecraft:glass":8,"minecraft:nether_quartz_ore":21,"minecraft:cobblestone":115,"minecraft:oak_planks":87,"minecraft:sugar_cane":85,"minecraft:wall_torch":13,"minecraft:cauldron":2,"minecraft:seagrass":1,"minecraft:white_terracotta":42,"minecraft:warped_nylium":51,"minecraft:powered_rail":4,"minecraft:mud":8,"minecraft:warped_planks":26,"minecraft:wheat":17,"minecraft:stone_brick_stairs":10,"minecraft:infested_mossy_stone_bricks":1,"minecraft:oak_log":33,"minecraft:beetroots":2,"minecraft:sand":138,"minecraft:dirt":2768,"minecraft:dispenser":2,"minecraft:stonecutter":2,"minecraft:raw_copper_block":2,"minecraft:netherrack":498,"minecraft:ancient_debris":1,"minecraft:oak_leaves":380,"minecraft:deepslate":28,"minecraft:tuff":34,"minecraft:mossy_cobblestone":12,"minecraft:dark_oak_leaves":11,"minecraft:deepslate_diamond_ore":14,"minecraft:dark_oak_log":9,"minecraft:end_stone":51,"minecraft:shulker_box":29,"minecraft:redstone_wire":1,"minecraft:spruce_leaves":19,"minecraft:large_fern":2,"minecraft:hay_block":41,"minecraft:oak_trapdoor":2,"minecraft:spruce_sapling":1,"minecraft:furnace":17,"minecraft:carrots":8,"minecraft:nether_sprouts":1,"minecraft:andesite":28,"minecraft:gold_block":18,"minecraft:nether_brick_fence":1,"minecraft:bookshelf":7,"minecraft:potatoes":3,"minecraft:deepslate_iron_ore":2,"minecraft:rail":118,"minecraft:warped_stem":3,"minecraft:chorus_plant":2,"minecraft:stone":1624,"minecraft:bone_block":54,"minecraft:white_wool":7,"minecraft:podzol":58,"minecraft:oak_slab":2,"minecraft:glass_pane":9,"minecraft:cherry_planks":17,"minecraft:soul_sand":10,"minecraft:infested_stone_bricks":1,"minecraft:stone_brick_slab":5,"minecraft:basalt":9,"minecraft:dandelion":3,"minecraft:oak_fence":5,"minecraft:crafting_table":8,"minecraft:cornflower":3,"minecraft:short_grass":659,"minecraft:warped_roots":6,"minecraft:lectern":85,"minecraft:copper_ore":12,"minecraft:tall_grass":82,"minecraft:purpur_pillar":1,"minecraft:deepslate_gold_ore":13,"minecraft:lapis_ore":7,"minecraft:diorite":23,"minecraft:warped_wart_block":8,"minecraft:spruce_stairs":1,"minecraft:redstone_torch":2,"minecraft:sweet_berry_bush":11,"minecraft:spruce_log":6,"minecraft:birch_leaves":7,"minecraft:yellow_bed":6,"minecraft:coal_ore":80,"minecraft:end_rod":2,"minecraft:cherry_leaves":10,"minecraft:gravel":138,"minecraft:cracked_stone_bricks":1,"minecraft:terracotta":3,"minecraft:acacia_planks":12,"minecraft:stone_bricks":60,"minecraft:mossy_stone_bricks":2,"minecraft:fern":5},"minecraft:crafted":{"minecraft:grindstone":1,"minecraft:oak_planks":380,"minecraft:smooth_stone":6,"minecraft:chainmail_helmet":10,"minecraft:blaze_powder":46,"minecraft:cooked_chicken":7,"minecraft:stone":755,"minecraft:diamond_shovel":2,"minecraft:bookshelf":10,"minecraft:cooked_mutton":40,"minecraft:shulker_box":5,"minecraft:iron_bars":16,"minecraft:warped_planks":444,"minecraft:glass":32,"minecraft:hopper":18,"minecraft:diamond_helmet":2,"minecraft:bow":1,"minecraft:diamond_leggings":3,"minecraft:iron_boots":5,"minecraft:chest":46,"minecraft:rail":224,"minecraft:stone_hoe":1,"minecraft:ender_eye":26,"minecraft:smoker":3,"minecraft:warped_stairs":36,"minecraft:dropper":1,"minecraft:furnace_minecart":1,"minecraft:oak_slab":60,"minecraft:arrow":224,"minecraft:emerald":664,"minecraft:cauldron":6,"minecraft:cooked_porkchop":85,"minecraft:diamond_axe":1,"minecraft:crafting_table":13,"minecraft:spruce_planks":3724,"minecraft:acacia_slab":12,"minecraft:wooden_pickaxe":1,"minecraft:iron_helmet":7,"minecraft:smithing_table":1,"minecraft:fletching_table":3,"minecraft:dispenser":1,"minecraft:spruce_trapdoor":8,"minecraft:lectern":4,"minecraft:book":3,"minecraft:iron_chestplate":1,"minecraft:charcoal":51,"minecraft:paper":81,"minecraft:diamond_pickaxe":4,"minecraft:shield":2,"minecraft:stick":22542,"minecraft:stone_slab":6,"minecraft:iron_ingot":63,"minecraft:iron_pickaxe":4,"minecraft:gold_ingot":26,"minecraft:redstone_torch":1,"minecraft:composter":1,"minecraft:shears":3,"minecraft:cherry_planks":92,"minecraft:iron_nugget":468,"minecraft:diamond_hoe":2,"minecraft:spruce_button":2,"minecraft:furnace":11,"minecraft:blast_furnace":1,"minecraft:piston":1,"minecraft:bone_meal":87,"minecraft:spruce_fence":36,"minecraft:white_carpet":45,"minecraft:flint_and_steel":2,"minecraft:oak_trapdoor":4,"minecraft:lantern":50,"minecraft:spruce_stairs":44,"minecraft:iron_axe":26,"minecraft:ladder":66,"minecraft:spruce_slab":138,"minecraft:iron_hoe":1,"minecraft:stone_pickaxe":12,"minecraft:diamond_boots":5,"minecraft:spruce_boat":1,"minecraft:observer":2,"minecraft:dark_oak_planks":7840,"minecraft:chainmail_leggings":12,"minecraft:minecart":3,"minecraft:wheat":369,"minecraft:cooked_beef":98,"minecraft:crossbow":3,"minecraft:diamond_sword":5,"minecraft:powered_rail":6,"minecraft:dark_oak_button":90,"minecraft:bucket":11,"minecraft:stone_axe":1,"minecraft:enchanted_book":11,"minecraft:bread":123,"minecraft:air":0,"minecraft:oak_boat":2,"minecraft:acacia_sign":9,"minecraft:wooden_axe":8,"minecraft:iron_shovel":6,"minecraft:iron_leggings":1,"minecraft:stonecutter":1,"minecraft:white_bed":6,"minecraft:acacia_planks":116,"minecraft:torch":208,"minecraft:ender_chest":1,"minecraft:diamond_chestplate":2},"minecraft:used":{"minecraft:iron_shovel":1657,"minecraft:poppy":2,"minecraft:dispenser":3,"minecraft:ladder":60,"minecraft:spruce_slab":95,"minecraft:oak_sign":9,"minecraft:chest":55,"minecraft:stone":13,"minecraft:white_terracotta":25,"minecraft:shield":16,"minecraft:iron_sword":19,"minecraft:zombie_spawn_egg":21,"minecraft:rotten_flesh":40,"minecraft:iron_chestplate":2,"minecraft:mutton":1,"minecraft:furnace_minecart":10,"minecraft:tuff":9,"minecraft:obsidian":10,"minecraft:spruce_boat":2,"minecraft:glass":412,"minecraft:lava_bucket":20,"minecraft:grass_block":3,"minecraft:lantern":70,"minecraft:villager_spawn_egg":35,"minecraft:iron_helmet":1,"minecraft:stone_brick_stairs":138,"minecraft:stone_bricks":2099,"minecraft:item_frame":2,"minecraft:bow":163,"minecraft:furnace":23,"minecraft:egg":2,"minecraft:diorite":23,"minecraft:diamond_boots":4,"minecraft:stone_pickaxe":137,"minecraft:chorus_fruit":2,"minecraft:powered_rail":10,"minecraft:oak_planks":155,"minecraft:blackstone":7,"minecraft:ender_pearl":38,"minecraft:wooden_pickaxe":25,"minecraft:composter":3,"minecraft:diamond_axe":174,"minecraft:sugar_cane":91,"minecraft:blue_bed":1,"minecraft:oak_leaves":221,"minecraft:white_wool":7,"minecraft:sand":34,"minecraft:blast_furnace":1,"minecraft:crossbow":21,"minecraft:sponge":41,"minecraft:dripstone_block":7,"minecraft:shears":357,"minecraft:end_stone":28,"minecraft:redstone_torch":3,"minecraft:bread":112,"minecraft:lectern":179,"minecraft:oak_pressure_plate":9,"minecraft:gravel":55,"minecraft:diamond_sword":1105,"minecraft:grindstone":1,"minecraft:smithing_table":1,"minecraft:oak_boat":16,"minecraft:smooth_stone_slab":542,"minecraft:bone_meal":1,"minecraft:oak_trapdoor":4,"minecraft:netherite_sword":54,"minecraft:iron_bars":1,"minecraft:flint_and_steel":65,"minecraft:redstone":3,"minecraft:spruce_planks":254,"minecraft:ender_chest":1,"minecraft:stone_hoe":5,"minecraft:cooked_chicken":7,"minecraft:netherrack":417,"minecraft:torch":108,"minecraft:dirt":2827,"minecraft:anvil":2,"minecraft:white_carpet":135,"minecraft:hopper":44,"minecraft:spruce_stairs":69,"minecraft:shulker_box":31,"minecraft:diamond_helmet":1,"minecraft:granite":3,"minecraft:spruce_fence":41,"minecraft:shroomlight":26,"minecraft:iron_hoe":165,"minecraft:wooden_axe":29,"minecraft:stone_brick_slab":210,"minecraft:dark_oak_planks":233,"minecraft:bookshelf":5,"minecraft:oak_stairs":41,"minecraft:iron_axe":887,"minecraft:spruce_button":2,"minecraft:acacia_slab":1,"minecraft:iron_boots":2,"minecraft:totem_of_undying":1,"minecraft:diamond_chestplate":2,"minecraft:basalt":8,"minecraft:beef":35,"minecraft:warped_stairs":24,"minecraft:minecart":14,"minecraft:cooked_beef":81,"minecraft:acacia_planks":33,"minecraft:cobbled_deepslate":6,"minecraft:iron_leggings":1,"minecraft:pointed_dripstone":6,"minecraft:wheat_seeds":63,"minecraft:cooked_mutton":10,"minecraft:water_bucket":436,"minecraft:cherry_planks":106,"minecraft:cauldron":8,"minecraft:stonecutter":3,"minecraft:fletching_table":10,"minecraft:polished_blackstone_bricks":28,"minecraft:rail":416,"minecraft:terracotta":3,"minecraft:crafting_table":20,"minecraft:oak_slab":62,"minecraft:white_bed":38,"minecraft:spruce_log":831,"minecraft:warped_planks":311,"minecraft:smoker":3,"minecraft:mud":1,"minecraft:piston":1,"minecraft:ender_eye":32,"minecraft:diamond_pickaxe":3039,"minecraft:diamond_shovel":5045,"minecraft:acacia_sign":9,"minecraft:cracked_polished_blackstone_bricks":43,"minecraft:iron_pickaxe":544,"minecraft:netherite_axe":213,"minecraft:stone_slab":27,"minecraft:spruce_trapdoor":19,"minecraft:spruce_sapling":57,"minecraft:stone_axe":75,"minecraft:fishing_rod":3,"minecraft:cobblestone":184,"minecraft:porkchop":1,"minecraft:cooked_porkchop":16,"minecraft:bucket":313,"minecraft:yellow_bed":6,"minecraft:splash_potion":12,"minecraft:diamond_leggings":5},"minecraft:killed_by":{"minecraft:piglin_brute":13,"minecraft:creeper":4,"minecraft:piglin":5,"minecraft:zombie":2,"minecraft:player":4,"minecraft:iron_golem":5,"minecraft:enderman":2}},"DataVersion":3700}