{"stats":{"minecraft:killed_by":{"minecraft:creeper":4,"minecraft:player":1,"minecraft:enderman":1,"minecraft:iron_golem":4},"minecraft:custom":{"minecraft:interact_with_crafting_table":74,"minecraft:bell_ring":68,"minecraft:leave_game":12,"minecraft:time_since_death":160831,"minecraft:sprint_one_cm":988807,"minecraft:damage_blocked_by_shield":831,"minecraft:drop":101,"minecraft:talked_to_villager":145,"minecraft:play_time":679667,"minecraft:deaths":12,"minecraft:jump":9724,"minecraft:walk_on_water_one_cm":144776,"minecraft:interact_with_furnace":80,"minecraft:traded_with_villager":450,"minecraft:sleep_in_bed":36,"minecraft:damage_dealt":62503,"minecraft:player_kills":4,"minecraft:crouch_one_cm":331715,"minecraft:use_cauldron":4,"minecraft:inspect_dispenser":6,"minecraft:interact_with_smithing_table":1,"minecraft:mob_kills":247,"minecraft:interact_with_anvil":11,"minecraft:inspect_hopper":5,"minecraft:climb_one_cm":1090,"minecraft:walk_one_cm":1457684,"minecraft:raid_win":1,"minecraft:sneak_time":92351,"minecraft:walk_under_water_one_cm":105354,"minecraft:boat_one_cm":175697,"minecraft:interact_with_blast_furnace":1,"minecraft:total_world_time":679667,"minecraft:raid_trigger":1,"minecraft:interact_with_grindstone":2,"minecraft:time_since_rest":33233,"minecraft:damage_taken":9058,"minecraft:damage_absorbed":80,"minecraft:swim_one_cm":23597,"minecraft:fly_one_cm":2180669,"minecraft:open_chest":265,"minecraft:fall_one_cm":249428},"minecraft:dropped":{"minecraft:iron_sword":1,"minecraft:lapis_lazuli":3,"minecraft:cooked_beef":39,"minecraft:dark_oak_sapling":1,"minecraft:dark_oak_button":154,"minecraft:flint":4,"minecraft:dirt":30,"minecraft:dark_oak_log":64,"minecraft:fishing_rod":1,"minecraft:bone":4,"minecraft:oak_door":1,"minecraft:gravel":31,"minecraft:cobbled_deepslate":63,"minecraft:wheat":4,"minecraft:netherite_sword":1,"minecraft:rotten_flesh":7,"minecraft:oak_planks":3,"minecraft:salmon":9,"minecraft:poppy":1,"minecraft:acacia_sapling":1,"minecraft:arrow":44,"minecraft:iron_ingot":8,"minecraft:wheat_seeds":32,"minecraft:netherite_axe":1,"minecraft:iron_helmet":1,"minecraft:cobblestone":4,"minecraft:pufferfish":9,"minecraft:stick":1,"minecraft:torch":1,"minecraft:potion":2,"minecraft:iron_shovel":1,"minecraft:string":6,"minecraft:redstone":40,"minecraft:raw_copper":12,"minecraft:diamond_chestplate":1,"minecraft:oak_sapling":7,"minecraft:spider_eye":2,"minecraft:spruce_log":1,"minecraft:bow":3,"minecraft:stone_pickaxe":11,"minecraft:wooden_pickaxe":1,"minecraft:nautilus_shell":2},"minecraft:mined":{"minecraft:dark_oak_planks":4,"minecraft:spruce_planks":8,"minecraft:white_bed":16,"minecraft:cobblestone_stairs":4,"minecraft:cherry_log":6,"minecraft:warped_stairs":2,"minecraft:obsidian":10,"minecraft:granite":3,"minecraft:acacia_log":19,"minecraft:grass_block":581,"minecraft:soul_soil":2,"minecraft:composter":2,"minecraft:hopper":9,"minecraft:fire":1,"minecraft:iron_ore":61,"minecraft:barrel":2,"minecraft:cobbled_deepslate":2,"minecraft:pumpkin":6,"minecraft:deepslate_lapis_ore":7,"minecraft:pointed_dripstone":9,"minecraft:dirt_path":50,"minecraft:oak_stairs":159,"minecraft:deepslate_redstone_ore":1,"minecraft:clay":4,"minecraft:torch":11,"minecraft:chest":2,"minecraft:nether_quartz_ore":21,"minecraft:glass":8,"minecraft:cobblestone":114,"minecraft:sugar_cane":12,"minecraft:oak_planks":86,"minecraft:wall_torch":10,"minecraft:cauldron":2,"minecraft:white_terracotta":42,"minecraft:warped_nylium":9,"minecraft:powered_rail":3,"minecraft:warped_planks":26,"minecraft:mud":8,"minecraft:wheat":17,"minecraft:oak_log":28,"minecraft:beetroots":2,"minecraft:sand":37,"minecraft:dirt":931,"minecraft:raw_copper_block":2,"minecraft:dispenser":2,"minecraft:stonecutter":1,"minecraft:netherrack":23,"minecraft:oak_leaves":234,"minecraft:deepslate":9,"minecraft:tuff":9,"minecraft:mossy_cobblestone":12,"minecraft:dark_oak_leaves":10,"minecraft:deepslate_diamond_ore":12,"minecraft:dark_oak_log":9,"minecraft:spruce_leaves":9,"minecraft:hay_block":41,"minecraft:oak_trapdoor":2,"minecraft:spruce_sapling":1,"minecraft:furnace":3,"minecraft:carrots":8,"minecraft:bookshelf":2,"minecraft:potatoes":3,"minecraft:deepslate_iron_ore":2,"minecraft:rail":15,"minecraft:stone":102,"minecraft:bone_block":54,"minecraft:white_wool":3,"minecraft:podzol":58,"minecraft:oak_slab":2,"minecraft:glass_pane":9,"minecraft:cherry_planks":17,"minecraft:oak_fence":5,"minecraft:crafting_table":7,"minecraft:cornflower":3,"minecraft:short_grass":402,"minecraft:lectern":2,"minecraft:copper_ore":1,"minecraft:tall_grass":43,"minecraft:deepslate_gold_ore":9,"minecraft:lapis_ore":3,"minecraft:diorite":10,"minecraft:warped_wart_block":6,"minecraft:spruce_log":3,"minecraft:birch_leaves":7,"minecraft:yellow_bed":6,"minecraft:coal_ore":77,"minecraft:cherry_leaves":10,"minecraft:gravel":104,"minecraft:terracotta":3,"minecraft:acacia_planks":12,"minecraft:fern":5},"minecraft:crafted":{"minecraft:grindstone":1,"minecraft:smooth_stone":5,"minecraft:oak_planks":340,"minecraft:chainmail_helmet":10,"minecraft:stone":16,"minecraft:diamond_shovel":1,"minecraft:warped_planks":432,"minecraft:glass":32,"minecraft:hopper":9,"minecraft:diamond_helmet":1,"minecraft:diamond_leggings":2,"minecraft:iron_boots":5,"minecraft:chest":17,"minecraft:rail":48,"minecraft:stone_hoe":1,"minecraft:warped_stairs":36,"minecraft:oak_slab":60,"minecraft:arrow":32,"minecraft:emerald":379,"minecraft:cauldron":5,"minecraft:cooked_porkchop":58,"minecraft:diamond_axe":1,"minecraft:crafting_table":6,"minecraft:spruce_planks":2936,"minecraft:acacia_slab":12,"minecraft:wooden_pickaxe":1,"minecraft:iron_helmet":7,"minecraft:smithing_table":1,"minecraft:fletching_table":3,"minecraft:dispenser":1,"minecraft:iron_chestplate":1,"minecraft:diamond_pickaxe":2,"minecraft:shield":1,"minecraft:stick":11842,"minecraft:stone_slab":6,"minecraft:iron_ingot":62,"minecraft:iron_pickaxe":3,"minecraft:gold_ingot":8,"minecraft:redstone_torch":1,"minecraft:composter":1,"minecraft:shears":1,"minecraft:cherry_planks":92,"minecraft:diamond_hoe":2,"minecraft:spruce_button":1,"minecraft:furnace":3,"minecraft:blast_furnace":1,"minecraft:oak_trapdoor":4,"minecraft:flint_and_steel":1,"minecraft:iron_axe":26,"minecraft:iron_hoe":1,"minecraft:stone_pickaxe":12,"minecraft:diamond_boots":4,"minecraft:dark_oak_planks":3768,"minecraft:chainmail_leggings":12,"minecraft:minecart":2,"minecraft:wheat":369,"minecraft:cooked_beef":45,"minecraft:crossbow":3,"minecraft:diamond_sword":3,"minecraft:powered_rail":6,"minecraft:bucket":1,"minecraft:dark_oak_button":90,"minecraft:stone_axe":1,"minecraft:enchanted_book":1,"minecraft:bread":97,"minecraft:air":0,"minecraft:oak_boat":2,"minecraft:acacia_sign":9,"minecraft:wooden_axe":8,"minecraft:iron_shovel":6,"minecraft:iron_leggings":1,"minecraft:white_bed":6,"minecraft:acacia_planks":116,"minecraft:torch":168,"minecraft:diamond_chestplate":1},"minecraft:broken":{"minecraft:iron_shovel":5,"minecraft:stone_pickaxe":1,"minecraft:stone_axe":1,"minecraft:iron_axe":3,"minecraft:iron_pickaxe":2},"minecraft:picked_up":{"minecraft:wooden_axe":3,"minecraft:iron_chestplate":9,"minecraft:wheat":88,"minecraft:lead":2,"minecraft:diamond_sword":1,"minecraft:oak_stairs":230,"minecraft:potion":2,"minecraft:warped_stairs":2,"minecraft:string":13,"minecraft:raw_copper":12,"minecraft:soul_soil":2,"minecraft:iron_leggings":9,"minecraft:pufferfish":9,"minecraft:beetroot":1,"minecraft:diamond_leggings":1,"minecraft:cobbled_deepslate":81,"minecraft:bucket":5,"minecraft:spruce_planks":139,"minecraft:redstone_torch":1,"minecraft:iron_pickaxe":9,"minecraft:iron_boots":9,"minecraft:furnace":4,"minecraft:stick":354,"minecraft:composter":2,"minecraft:oak_fence":5,"minecraft:torch":214,"minecraft:acacia_log":29,"minecraft:porkchop":59,"minecraft:cherry_log":46,"minecraft:pointed_dripstone":95,"minecraft:diorite":15,"minecraft:warped_planks":26,"minecraft:cauldron":2,"minecraft:rotten_flesh":44,"minecraft:white_terracotta":43,"minecraft:obsidian":10,"minecraft:cod":6,"minecraft:cobblestone":310,"minecraft:nautilus_shell":2,"minecraft:cherry_planks":18,"minecraft:water_bucket":5,"minecraft:potato":16,"minecraft:flint":11,"minecraft:tuff":17,"minecraft:lapis_lazuli":131,"minecraft:dirt":2068,"minecraft:glass":18,"minecraft:bone":70,"minecraft:acacia_planks":98,"minecraft:bow":7,"minecraft:stonecutter":2,"minecraft:wheat_seeds":157,"minecraft:raw_gold":9,"minecraft:bell":3,"minecraft:netherite_axe":1,"minecraft:diamond_helmet":1,"minecraft:powered_rail":7,"minecraft:oak_planks":273,"minecraft:cooked_porkchop":51,"minecraft:warped_wart_block":9,"minecraft:sand":32,"minecraft:dark_oak_log":1802,"minecraft:barrel":4,"minecraft:mossy_cobblestone":23,"minecraft:iron_hoe":5,"minecraft:dispenser":3,"minecraft:sugar":9,"minecraft:diamond":18,"minecraft:crossbow":12,"minecraft:granite":3,"minecraft:bone_meal":1,"minecraft:emerald":103,"minecraft:chainmail_helmet":1,"minecraft:bread":156,"minecraft:oak_sapling":14,"minecraft:netherrack":24,"minecraft:oak_leaves":429,"minecraft:diamond_pickaxe":1,"minecraft:fishing_rod":1,"minecraft:mud":27,"minecraft:crafting_table":9,"minecraft:clay_ball":72,"minecraft:shield":8,"minecraft:cornflower":6,"minecraft:oak_trapdoor":2,"minecraft:iron_axe":11,"minecraft:flint_and_steel":1,"minecraft:iron_shovel":7,"minecraft:netherite_sword":1,"minecraft:beef":132,"minecraft:oak_boat":15,"minecraft:poppy":25,"minecraft:minecart":2,"minecraft:lectern":2,"minecraft:sugar_cane":32,"minecraft:chest":9,"minecraft:raw_copper_block":10,"minecraft:dark_oak_sapling":16,"minecraft:raw_iron":100,"minecraft:oak_door":2,"minecraft:carrot":33,"minecraft:redstone":50,"minecraft:dark_oak_planks":128,"minecraft:arrow":152,"minecraft:diamond_chestplate":2,"minecraft:beetroot_seeds":4,"minecraft:shears":4,"minecraft:diamond_boots":1,"minecraft:hay_block":41,"minecraft:saddle":3,"minecraft:gold_ingot":2,"minecraft:totem_of_undying":2,"minecraft:mutton":64,"minecraft:bone_block":106,"minecraft:rail":17,"minecraft:white_wool":25,"minecraft:dark_oak_button":64,"minecraft:salmon":9,"minecraft:leather":72,"minecraft:crimson_fungus":1,"minecraft:oak_log":117,"minecraft:yellow_bed":6,"minecraft:gunpowder":7,"minecraft:cobblestone_stairs":4,"minecraft:white_banner":13,"minecraft:apple":4,"minecraft:warped_stem":145,"minecraft:iron_ingot":96,"minecraft:stone_pickaxe":1,"minecraft:acacia_sapling":1,"minecraft:iron_sword":1,"minecraft:book":11,"minecraft:oak_slab":2,"minecraft:warped_fungus":1,"minecraft:pumpkin":12,"minecraft:quartz":21,"minecraft:dandelion":1,"minecraft:dripstone_block":19,"minecraft:gravel":99,"minecraft:spruce_sapling":73,"minecraft:white_bed":18,"minecraft:spruce_log":1556,"minecraft:spider_eye":12,"minecraft:stone_axe":3,"minecraft:short_grass":3,"minecraft:chainmail_leggings":1,"minecraft:iron_helmet":7,"minecraft:diamond_axe":1,"minecraft:warped_roots":4,"minecraft:terracotta":6,"minecraft:acacia_slab":4,"minecraft:warped_nylium":8,"minecraft:coal":162,"minecraft:hopper":9,"minecraft:ender_pearl":25},"minecraft:used":{"minecraft:iron_shovel":1657,"minecraft:dispenser":3,"minecraft:poppy":2,"minecraft:oak_sign":9,"minecraft:chest":34,"minecraft:shield":14,"minecraft:white_terracotta":25,"minecraft:stone":5,"minecraft:iron_sword":15,"minecraft:zombie_spawn_egg":8,"minecraft:rotten_flesh":16,"minecraft:iron_chestplate":2,"minecraft:tuff":9,"minecraft:obsidian":10,"minecraft:glass":402,"minecraft:lava_bucket":7,"minecraft:villager_spawn_egg":23,"minecraft:grass_block":1,"minecraft:iron_helmet":1,"minecraft:stone_bricks":244,"minecraft:furnace":5,"minecraft:diorite":10,"minecraft:diamond_boots":1,"minecraft:stone_pickaxe":137,"minecraft:powered_rail":7,"minecraft:oak_planks":155,"minecraft:wooden_pickaxe":25,"minecraft:composter":3,"minecraft:sugar_cane":12,"minecraft:diamond_axe":56,"minecraft:oak_leaves":93,"minecraft:white_wool":3,"minecraft:blast_furnace":1,"minecraft:crossbow":4,"minecraft:sponge":41,"minecraft:dripstone_block":7,"minecraft:shears":218,"minecraft:redstone_torch":1,"minecraft:bread":73,"minecraft:lectern":2,"minecraft:gravel":54,"minecraft:diamond_sword":159,"minecraft:grindstone":1,"minecraft:smithing_table":1,"minecraft:smooth_stone_slab":542,"minecraft:oak_boat":12,"minecraft:oak_trapdoor":4,"minecraft:netherite_sword":54,"minecraft:flint_and_steel":1,"minecraft:redstone":2,"minecraft:spruce_planks":158,"minecraft:stone_hoe":5,"minecraft:netherrack":13,"minecraft:torch":101,"minecraft:dirt":1344,"minecraft:anvil":1,"minecraft:white_carpet":12,"minecraft:hopper":35,"minecraft:granite":3,"minecraft:shroomlight":26,"minecraft:iron_hoe":165,"minecraft:wooden_axe":29,"minecraft:dark_oak_planks":9,"minecraft:iron_axe":867,"minecraft:oak_stairs":41,"minecraft:spruce_button":1,"minecraft:acacia_slab":1,"minecraft:iron_boots":2,"minecraft:totem_of_undying":1,"minecraft:diamond_chestplate":1,"minecraft:warped_stairs":24,"minecraft:beef":22,"minecraft:cooked_beef":6,"minecraft:acacia_planks":33,"minecraft:cobbled_deepslate":5,"minecraft:iron_leggings":1,"minecraft:pointed_dripstone":6,"minecraft:wheat_seeds":63,"minecraft:water_bucket":361,"minecraft:cherry_planks":106,"minecraft:cauldron":7,"minecraft:fletching_table":3,"minecraft:rail":37,"minecraft:terracotta":3,"minecraft:crafting_table":13,"minecraft:oak_slab":62,"minecraft:white_bed":37,"minecraft:warped_planks":299,"minecraft:mud":1,"minecraft:diamond_pickaxe":160,"minecraft:diamond_shovel":143,"minecraft:acacia_sign":9,"minecraft:iron_pickaxe":542,"minecraft:netherite_axe":213,"minecraft:stone_slab":27,"minecraft:spruce_sapling":57,"minecraft:stone_axe":75,"minecraft:cobblestone":147,"minecraft:porkchop":1,"minecraft:cooked_porkchop":16,"minecraft:bucket":213,"minecraft:yellow_bed":6,"minecraft:diamond_leggings":1},"minecraft:killed":{"minecraft:witch":5,"minecraft:spider":9,"minecraft:skeleton":20,"minecraft:piglin":1,"minecraft:pig":32,"minecraft:zombie_villager":1,"minecraft:iron_golem":23,"minecraft:creeper":1,"minecraft:sheep":19,"minecraft:trader_llama":1,"minecraft:pillager":24,"minecraft:zombie":28,"minecraft:cow":37,"minecraft:evoker":1,"minecraft:vex":2,"minecraft:vindicator":9,"minecraft:frog":2,"minecraft:ravager":2,"minecraft:villager":3,"minecraft:enderman":20}},"DataVersion":3700}