{"stats":{"minecraft:killed_by":{"minecraft:player":4,"minecraft:skeleton":3,"minecraft:zombie":1},"minecraft:killed":{"minecraft:iron_golem":1,"minecraft:bat":1,"minecraft:creeper":2,"minecraft:skeleton":5,"minecraft:zombie":3,"minecraft:villager":1},"minecraft:used":{"minecraft:diamond_boots":1,"minecraft:chainmail_helmet":1,"minecraft:iron_sword":74,"minecraft:anvil":1,"minecraft:cod":6,"minecraft:tuff":22,"minecraft:iron_pickaxe":250,"minecraft:gravel":11,"minecraft:diamond_sword":11,"minecraft:diamond_chestplate":5,"minecraft:fishing_rod":132,"minecraft:bow":74,"minecraft:cooked_beef":10,"minecraft:cobbled_deepslate":53,"minecraft:diamond_leggings":5,"minecraft:chainmail_leggings":3},"minecraft:broken":{"minecraft:iron_pickaxe":1,"minecraft:fishing_rod":1},"minecraft:crafted":{"minecraft:diamond_sword":1,"minecraft:arrow":48,"minecraft:fishing_rod":2,"minecraft:iron_sword":1,"minecraft:iron_pickaxe":1,"minecraft:iron_block":3,"minecraft:anvil":1,"minecraft:diamond_chestplate":1},"minecraft:mined":{"minecraft:deepslate_redstone_ore":10,"minecraft:tuff":34,"minecraft:deepslate_diamond_ore":9,"minecraft:short_grass":12,"minecraft:grass_block":10,"minecraft:wall_torch":1,"minecraft:wheat":2,"minecraft:cobbled_deepslate":10,"minecraft:deepslate_iron_ore":4,"minecraft:gravel":16,"minecraft:deepslate":168},"minecraft:dropped":{"minecraft:sugar_cane":10,"minecraft:short_grass":1,"minecraft:wheat_seeds":7,"minecraft:lapis_lazuli":22,"minecraft:diamond":2,"minecraft:wheat":2,"minecraft:pointed_dripstone":26,"minecraft:crossbow":3,"minecraft:rotten_flesh":2,"minecraft:clay_ball":16,"minecraft:oak_planks":2,"minecraft:leather":15,"minecraft:saddle":1,"minecraft:flint":2,"minecraft:stick":12,"minecraft:emerald":6,"minecraft:dirt":59,"minecraft:potato":7,"minecraft:gunpowder":2,"minecraft:raw_copper_block":2,"minecraft:cornflower":3,"minecraft:cherry_planks":1,"minecraft:oak_boat":1,"minecraft:bow":3,"minecraft:oak_stairs":75,"minecraft:pumpkin":6,"minecraft:white_banner":5,"minecraft:arrow":10,"minecraft:powered_rail":2,"minecraft:mud":7,"minecraft:beef":8,"minecraft:sugar":3,"minecraft:bell":1,"minecraft:iron_shovel":1,"minecraft:oak_leaves":112,"minecraft:gold_ingot":2,"minecraft:bone":14},"minecraft:custom":{"minecraft:interact_with_furnace":3,"minecraft:interact_with_anvil":5,"minecraft:mob_kills":14,"minecraft:traded_with_villager":3,"minecraft:interact_with_crafting_table":12,"minecraft:leave_game":1,"minecraft:time_since_death":2572,"minecraft:sleep_in_bed":7,"minecraft:time_since_rest":2601,"minecraft:sprint_one_cm":170979,"minecraft:walk_one_cm":133882,"minecraft:damage_taken":5593,"minecraft:drop":111,"minecraft:damage_dealt":1544,"minecraft:player_kills":1,"minecraft:swim_one_cm":7064,"minecraft:talked_to_villager":11,"minecraft:fly_one_cm":227330,"minecraft:open_chest":41,"minecraft:crouch_one_cm":6285,"minecraft:play_time":136841,"minecraft:deaths":15,"minecraft:sneak_time":1305,"minecraft:walk_under_water_one_cm":62524,"minecraft:jump":1638,"minecraft:walk_on_water_one_cm":49418,"minecraft:total_world_time":136841,"minecraft:fish_caught":63,"minecraft:fall_one_cm":76628},"minecraft:picked_up":{"minecraft:nautilus_shell":10,"minecraft:fishing_rod":7,"minecraft:mud":7,"minecraft:iron_chestplate":1,"minecraft:wheat":2,"minecraft:cooked_beef":180,"minecraft:dark_oak_button":386,"minecraft:cherry_planks":1,"minecraft:clay_ball":16,"minecraft:salmon":39,"minecraft:leather":22,"minecraft:diamond_sword":1,"minecraft:potato":7,"minecraft:oak_stairs":75,"minecraft:enchanted_book":1,"minecraft:potion":5,"minecraft:flint":11,"minecraft:tuff":114,"minecraft:gunpowder":2,"minecraft:string":4,"minecraft:cornflower":3,"minecraft:lapis_lazuli":22,"minecraft:dirt":65,"minecraft:white_banner":5,"minecraft:pufferfish":49,"minecraft:iron_shovel":1,"minecraft:bone":21,"minecraft:bow":10,"minecraft:diamond_leggings":1,"minecraft:wheat_seeds":17,"minecraft:cobbled_deepslate":899,"minecraft:bell":1,"minecraft:beef":8,"minecraft:iron_ingot":237,"minecraft:oak_boat":1,"minecraft:poppy":8,"minecraft:iron_pickaxe":4,"minecraft:powered_rail":2,"minecraft:sugar_cane":10,"minecraft:iron_sword":9,"minecraft:oak_planks":2,"minecraft:raw_copper_block":2,"minecraft:stick":21,"minecraft:raw_iron":8,"minecraft:pumpkin":6,"minecraft:torch":4,"minecraft:gravel":91,"minecraft:pointed_dripstone":26,"minecraft:redstone":244,"minecraft:diamond_chestplate":5,"minecraft:arrow":86,"minecraft:sugar":3,"minecraft:rotten_flesh":17,"minecraft:diamond":42,"minecraft:short_grass":1,"minecraft:diamond_boots":1,"minecraft:crossbow":3,"minecraft:chainmail_helmet":1,"minecraft:emerald":6,"minecraft:saddle":3,"minecraft:gold_ingot":2,"minecraft:cod":131,"minecraft:oak_leaves":112,"minecraft:cobblestone":8}},"DataVersion":3700}