{"stats":{"minecraft:broken":{"minecraft:iron_pickaxe":1,"minecraft:golden_pickaxe":1,"minecraft:fishing_rod":1},"minecraft:crafted":{"minecraft:fishing_rod":4,"minecraft:cooked_mutton":32,"minecraft:warped_planks":40,"minecraft:diamond_sword":1,"minecraft:arrow":48,"minecraft:emerald":8,"minecraft:crafting_table":1,"minecraft:spruce_planks":1700,"minecraft:wooden_pickaxe":1,"minecraft:iron_sword":1,"minecraft:paper":12,"minecraft:stick":436,"minecraft:iron_pickaxe":2,"minecraft:iron_block":3,"minecraft:anvil":1,"minecraft:diamond_chestplate":1},"minecraft:custom":{"minecraft:mob_kills":55,"minecraft:interact_with_anvil":6,"minecraft:interact_with_crafting_table":20,"minecraft:leave_game":2,"minecraft:time_since_death":5584,"minecraft:climb_one_cm":2269,"minecraft:sprint_one_cm":409556,"minecraft:walk_one_cm":305668,"minecraft:drop":121,"minecraft:talked_to_villager":43,"minecraft:play_time":285833,"minecraft:deaths":38,"minecraft:sneak_time":2759,"minecraft:walk_under_water_one_cm":86092,"minecraft:jump":3420,"minecraft:walk_on_water_one_cm":73549,"minecraft:total_world_time":285833,"minecraft:interact_with_furnace":11,"minecraft:traded_with_villager":11,"minecraft:sleep_in_bed":10,"minecraft:time_since_rest":5615,"minecraft:damage_taken":12083,"minecraft:damage_dealt":4725,"minecraft:swim_one_cm":41711,"minecraft:player_kills":4,"minecraft:fly_one_cm":485713,"minecraft:open_chest":147,"minecraft:crouch_one_cm":12781,"minecraft:fish_caught":107,"minecraft:fall_one_cm":136645,"minecraft:use_cauldron":1},"minecraft:killed":{"minecraft:skeleton":5,"minecraft:magma_cube":30,"minecraft:pig":3,"minecraft:salmon":3,"minecraft:iron_golem":1,"minecraft:bat":1,"minecraft:creeper":2,"minecraft:zombie":3,"minecraft:villager":1,"minecraft:enderman":4},"minecraft:killed_by":{"minecraft:ghast":1,"minecraft:player":5,"minecraft:enderman":5,"minecraft:iron_golem":2,"minecraft:piglin":1,"minecraft:skeleton":8,"minecraft:zombie":3},"minecraft:dropped":{"minecraft:iron_sword":1,"minecraft:short_grass":1,"minecraft:wheat_seeds":7,"minecraft:lapis_lazuli":22,"minecraft:diamond":2,"minecraft:crossbow":3,"minecraft:leather":15,"minecraft:saddle":1,"minecraft:emerald":6,"minecraft:stick":12,"minecraft:flint":2,"minecraft:dirt":59,"minecraft:raw_copper_block":2,"minecraft:cornflower":3,"minecraft:cherry_planks":1,"minecraft:oak_stairs":75,"minecraft:pumpkin":6,"minecraft:white_banner":5,"minecraft:mud":7,"minecraft:sugar":3,"minecraft:iron_shovel":1,"minecraft:spruce_sapling":2,"minecraft:gold_ingot":2,"minecraft:bone":14,"minecraft:sugar_cane":12,"minecraft:wheat":2,"minecraft:pointed_dripstone":26,"minecraft:rotten_flesh":2,"minecraft:clay_ball":16,"minecraft:oak_planks":2,"minecraft:potato":7,"minecraft:gunpowder":2,"minecraft:spruce_planks":142,"minecraft:oak_boat":1,"minecraft:arrow":11,"minecraft:bow":3,"minecraft:powered_rail":2,"minecraft:beef":8,"minecraft:bell":1,"minecraft:oak_leaves":112},"minecraft:used":{"minecraft:iron_sword":181,"minecraft:netherrack":38,"minecraft:warped_wart_block":19,"minecraft:anvil":1,"minecraft:carrot":4,"minecraft:tuff":22,"minecraft:iron_axe":50,"minecraft:warped_nylium":3,"minecraft:iron_helmet":1,"minecraft:iron_boots":2,"minecraft:diamond_chestplate":5,"minecraft:magma_block":1,"minecraft:beef":3,"minecraft:bow":74,"minecraft:cooked_beef":10,"minecraft:cobbled_deepslate":53,"minecraft:cooked_mutton":3,"minecraft:warped_stem":11,"minecraft:diamond_boots":3,"minecraft:blackstone":14,"minecraft:wooden_pickaxe":2,"minecraft:chainmail_helmet":4,"minecraft:sugar_cane":5,"minecraft:polished_blackstone_bricks":15,"minecraft:gilded_blackstone":1,"minecraft:salmon":3,"minecraft:crafting_table":1,"minecraft:cod":7,"minecraft:spruce_log":56,"minecraft:warped_planks":25,"minecraft:cracked_polished_blackstone_bricks":5,"minecraft:bread":3,"minecraft:iron_pickaxe":485,"minecraft:spruce_sapling":46,"minecraft:gravel":11,"minecraft:fishing_rod":195,"minecraft:diamond_sword":47,"minecraft:bucket":1,"minecraft:bone_meal":1,"minecraft:diamond_leggings":6,"minecraft:golden_pickaxe":32,"minecraft:chainmail_leggings":6},"minecraft:mined":{"minecraft:tuff":34,"minecraft:deepslate_diamond_ore":9,"minecraft:grass_block":15,"minecraft:cracked_polished_blackstone_bricks":61,"minecraft:gilded_blackstone":1,"minecraft:polished_blackstone_bricks":121,"minecraft:magma_block":3,"minecraft:spruce_sapling":1,"minecraft:fire":1,"minecraft:cobbled_deepslate":10,"minecraft:deepslate_iron_ore":4,"minecraft:deepslate_redstone_ore":10,"minecraft:blackstone":30,"minecraft:short_grass":40,"minecraft:warped_roots":1,"minecraft:tall_grass":1,"minecraft:sugar_cane":7,"minecraft:wall_torch":1,"minecraft:warped_wart_block":19,"minecraft:warped_nylium":5,"minecraft:wheat":2,"minecraft:gravel":16,"minecraft:dirt":1,"minecraft:netherrack":40,"minecraft:deepslate":168},"minecraft:picked_up":{"minecraft:fishing_rod":14,"minecraft:mud":7,"minecraft:iron_chestplate":1,"minecraft:wheat":2,"minecraft:clay_ball":16,"minecraft:golden_pickaxe":8,"minecraft:wooden_pickaxe":1,"minecraft:diamond_sword":3,"minecraft:oak_stairs":75,"minecraft:gold_block":7,"minecraft:enchanted_book":1,"minecraft:potion":6,"minecraft:gilded_blackstone":1,"minecraft:cornflower":3,"minecraft:string":21,"minecraft:iron_axe":10,"minecraft:iron_shovel":1,"minecraft:pufferfish":54,"minecraft:blackstone":55,"minecraft:diamond_leggings":2,"minecraft:cobbled_deepslate":899,"minecraft:spruce_planks":2514,"minecraft:beef":8,"minecraft:oak_boat":1,"minecraft:redstone_torch":1,"minecraft:poppy":8,"minecraft:iron_pickaxe":5,"minecraft:lectern":1,"minecraft:sugar_cane":27,"minecraft:iron_boots":1,"minecraft:raw_copper_block":2,"minecraft:stick":473,"minecraft:raw_iron":8,"minecraft:torch":4,"minecraft:fire_charge":4,"minecraft:porkchop":6,"minecraft:polished_blackstone_bricks":107,"minecraft:pointed_dripstone":26,"minecraft:warped_planks":10,"minecraft:redstone":244,"minecraft:dark_oak_planks":252,"minecraft:diamond_chestplate":5,"minecraft:arrow":90,"minecraft:rotten_flesh":17,"minecraft:tropical_fish":5,"minecraft:diamond_boots":1,"minecraft:saddle":3,"minecraft:gold_ingot":14,"minecraft:obsidian":1,"minecraft:cod":182,"minecraft:cobblestone":8,"minecraft:nautilus_shell":10,"minecraft:magma_block":3,"minecraft:dark_oak_button":386,"minecraft:cooked_beef":209,"minecraft:cherry_planks":1,"minecraft:salmon":70,"minecraft:leather":31,"minecraft:golden_leggings":1,"minecraft:potato":7,"minecraft:flint":11,"minecraft:tuff":114,"minecraft:gunpowder":2,"minecraft:lapis_lazuli":22,"minecraft:dirt":80,"minecraft:paper":72,"minecraft:white_banner":5,"minecraft:bone":21,"minecraft:bow":10,"minecraft:wheat_seeds":20,"minecraft:warped_stem":43,"minecraft:bell":1,"minecraft:iron_ingot":272,"minecraft:powered_rail":2,"minecraft:oak_planks":2,"minecraft:iron_sword":19,"minecraft:soul_sand":4,"minecraft:warped_fungus":4,"minecraft:pumpkin":6,"minecraft:quartz":13,"minecraft:warped_wart_block":22,"minecraft:gravel":121,"minecraft:spruce_sapling":68,"minecraft:spruce_log":912,"minecraft:spectral_arrow":14,"minecraft:sugar":3,"minecraft:diamond":42,"minecraft:short_grass":1,"minecraft:cracked_polished_blackstone_bricks":55,"minecraft:crossbow":3,"minecraft:bread":8,"minecraft:emerald":30,"minecraft:warped_roots":2,"minecraft:chainmail_helmet":3,"minecraft:oak_leaves":112,"minecraft:netherrack":44,"minecraft:warped_nylium":10}},"DataVersion":3700}